{"cameraMode":{"drawMode":0,"name":"Shaded","section":"Shading Mode"},"sceneLighting":true,"audioPlay":false,"sceneViewState":{"m_AlwaysRefresh":false,"showFog":true,"showSkybox":true,"showFlares":true,"showImageEffects":true,"showParticleSystems":true,"showVisualEffectGraphs":true,"m_FxEnabled":true},"in2DMode":false,"pivot":{"x":-2.177692174911499,"y":13.297237396240235,"z":2.150214672088623},"rotation":{"x":0.0005988026387058198,"y":-0.07402632385492325,"z":-0.00008845134289003909,"w":-0.9972900152206421},"size":2.2276065349578859,"orthographic":false}